{
  "train_loss": [
    0.8201792813696951,
    0.6044896790441477,
    0.47811546499999064,
    0.37266425099575295,
    0.4432810885163973,
    0.350663275791789,
    0.2962786307171831,
    0.34733048742109873,
    0.22374435324432715,
    0.3165209599120437,
    0.2104669508506667,
    0.2537407802663884,
    0.13536627776920795,
    0.15709034601261593,
    0.08143008581169371,
    0.08963188028209051,
    0.05885266138346128,
    0.04648126168000811,
    0.045849611736693476,
    0.044854433767778694,
    0.03854940699870294,
    0.05541589998481971,
    0.044930461275760294,
    0.04180612496785679,
    0.0389523979469712
  ],
  "train_acc": [
    0.7200956937799043,
    0.7966507177033493,
    0.8397129186602871,
    0.895933014354067,
    0.8397129186602871,
    0.8827751196172249,
    0.8911483253588517,
    0.8732057416267942,
    0.9389952153110048,
    0.9043062200956937,
    0.9330143540669856,
    0.9126794258373205,
    0.9509569377990431,
    0.9533492822966507,
    0.9784688995215312,
    0.9772727272727273,
    0.9856459330143541,
    0.9952153110047847,
    0.9892344497607656,
    0.992822966507177,
    0.9916267942583732,
    0.9844497607655502,
    0.9952153110047847,
    0.9916267942583732,
    0.9904306220095693
  ],
  "val_loss": [
    0.6932680095945086,
    0.9758441405636924,
    0.4470232363258089,
    0.675765940121242,
    0.3839061345372881,
    0.5588586649724415,
    0.4499830563685724,
    0.2880969356213297,
    0.3890527827399118,
    0.46508990441049847,
    0.371541080730302,
    0.28574573355061667,
    0.3924461826682091,
    0.32744116868291584,
    0.4073252411825316,
    0.27532743023974554,
    0.344306407230241,
    0.3628297299146652,
    0.3655323939664023,
    0.2781319112649986,
    0.33942377993038725,
    0.29622755625418257,
    0.33874122000166346,
    0.2628433608583042,
    0.32227021562201635
  ],
  "val_acc": [
    0.7788461538461539,
    0.7115384615384616,
    0.8365384615384616,
    0.7596153846153846,
    0.8557692307692307,
    0.7788461538461539,
    0.7884615384615384,
    0.9134615384615384,
    0.8653846153846154,
    0.8461538461538461,
    0.8557692307692307,
    0.9038461538461539,
    0.8942307692307693,
    0.9230769230769231,
    0.8557692307692307,
    0.8942307692307693,
    0.8653846153846154,
    0.8846153846153846,
    0.9134615384615384,
    0.9230769230769231,
    0.8942307692307693,
    0.9038461538461539,
    0.8942307692307693,
    0.9230769230769231,
    0.8942307692307693
  ],
  "best_epoch": 14,
  "best_val_acc": 0.9230769230769231,
  "test_acc": 0.8490566037735849,
  "test_f1": 0.8491664057979263,
  "elapsed_seconds": 3079.8552165031433
}